"reason","sku","ibisProductId","ibisSourceId","published","sourcePrice","stockQty"
"ibis_missing_sku","","69e9e6782eeb571971d4ac19","97128","true","51.12","0"
"ibis_missing_sku","","69e9e6822eeb571971d4ad00","97505","true","12.78","0"
"ibis_missing_sku","","69e9e6822eeb571971d4ad08","97508","true","17.9","0"
"ibis_missing_sku","","69e9e6832eeb571971d4ad18","97514","true","17.9","0"
"ibis_missing_sku","","69e9e6842eeb571971d4ad20","97517","true","0","0"
"ibis_missing_sku","","69e9e6842eeb571971d4ad28","97520","true","0","0"
"ibis_missing_sku","","69e9e6842eeb571971d4ad30","97531","true","5.11","0"
"ibis_missing_sku","","69e9e6852eeb571971d4ad38","97540","true","5.11","0"
"ibis_missing_sku","","69e9e6852eeb571971d4ad40","97543","true","5.11","0"
"ibis_missing_sku","","69e9e6872eeb571971d4ad6a","97643","true","9.46","5"
"ibis_missing_sku","","69e9e6e22eeb571971d4b598","101066","true","10.74","3"
"ibis_missing_sku","","69e9e6fe2eeb571971d4b831","100577","true","","5"
"ibis_missing_sku","","69e9e7092eeb571971d4b92c","100855","true","766.93","2"
"ibis_missing_sku","","69e9e70b2eeb571971d4b957","100864","true","40.9","2"
"ibis_missing_sku","","69e9e70b2eeb571971d4b95f","100870","true","1994.03","2"
"ibis_missing_sku","","69e9e70b2eeb571971d4b967","100874","true","1379.97","2"
"ibis_missing_sku","","69e9e70c2eeb571971d4b96f","100877","true","1379.97","2"
"ibis_missing_sku","","69e9e70c2eeb571971d4b977","100880","true","894.76","2"
"ibis_missing_sku","","69e9e70c2eeb571971d4b97f","100883","true","894.76","2"
"ibis_missing_sku","","69e9e70d2eeb571971d4b987","100886","true","818.06","2"
"ibis_missing_sku","","69e9e70d2eeb571971d4b98f","100892","true","383.46","2"
"ibis_missing_sku","","69e9e70d2eeb571971d4b997","100895","true","281.21","2"
"ibis_missing_sku","","69e9e70e2eeb571971d4b99f","100889","true","894.76","2"
"ibis_missing_sku","","69e9e70e2eeb571971d4b9b0","100901","true","424.37","2"
"ibis_missing_sku","","69e9e70f2eeb571971d4b9c1","100907","true","20.45","0"
"ibis_missing_sku","","69e9e7102eeb571971d4b9d3","100914","true","40.9","2"
"ibis_missing_sku","","69e9e7102eeb571971d4b9db","100918","true","30.67","2"
"ibis_missing_sku","","69e9e7112eeb571971d4b9e3","100922","true","143.16","2"
"ibis_missing_sku","","69e9e7112eeb571971d4b9eb","100925","true","204.51","2"
"ibis_missing_sku","","69e9e7112eeb571971d4b9f3","100928","true","230.08","2"
"ibis_missing_sku","","69e9e7122eeb571971d4b9fb","100931","true","281.21","2"
"ibis_missing_sku","","69e9e7122eeb571971d4ba03","100934","true","562.42","2"
"ibis_missing_sku","","69e9e7122eeb571971d4ba0b","100937","true","562.42","2"
"ibis_missing_sku","","69e9e7132eeb571971d4ba13","100940","true","690.24","2"
"ibis_missing_sku","","69e9e7132eeb571971d4ba1b","100943","true","894.76","2"
"ibis_missing_sku","","69e9e7132eeb571971d4ba23","100946","true","894.76","2"
"ibis_missing_sku","","69e9e7142eeb571971d4ba2b","100949","true","1278.22","2"
"ibis_missing_sku","","69e9e7142eeb571971d4ba33","100952","true","1150.4","2"
"ibis_missing_sku","","69e9e7142eeb571971d4ba3b","100955","true","1278.22","2"
"ibis_missing_sku","","69e9e7152eeb571971d4ba43","100958","true","1175.97","2"
"ibis_missing_sku","","69e9e7152eeb571971d4ba4b","100961","true","2198.55","2"
"ibis_missing_sku","","69e9e7152eeb571971d4ba53","100964","true","2198.55","2"
"ibis_missing_sku","","69e9e7162eeb571971d4ba5b","100967","true","2454.2","2"
"ibis_missing_sku","","69e9e7162eeb571971d4ba63","100970","true","2709.84","2"
"ibis_missing_sku","","69e9e7162eeb571971d4ba6b","101072","true","10.74","3"
"ibis_missing_sku","","69e9e7172eeb571971d4ba74","101069","true","10.74","3"
"ibis_missing_sku","","69e9e7172eeb571971d4ba7d","101078","true","13.8","3"
"ibis_missing_sku","","69e9e7182eeb571971d4ba86","101075","true","14.32","3"
"ibis_missing_sku","","69e9e7212eeb571971d4bb64","101421","true","26.59","4"
"ibis_missing_sku","","69e9e73c2eeb571971d4bdc9","102157","true","26.59","8"
"ibis_missing_sku","","69e9e73f2eeb571971d4be14","102306","true","26.59","0"
"ibis_missing_sku","","69e9e7952eeb571971d4c5e5","104938","true","10.74","10"
"ibis_missing_sku","","69e9e7a72eeb571971d4c781","106406","true","26.59","1"
"ibis_missing_sku","","69e9e7dd2eeb571971d4cc4e","99861","true","11.25","14"
"ibis_missing_sku","","69e9e7fd2eeb571971d4cf33","98133","true","12.78","0"
"ibis_missing_sku","","69e9e7fe2eeb571971d4cf3b","98143","true","17.9","0"
"ibis_missing_sku","","69e9e7fe2eeb571971d4cf43","98147","true","4.6","0"
"ibis_missing_sku","","69e9e7fe2eeb571971d4cf4b","98150","true","7.67","0"
"ibis_missing_sku","","69e9e7ff2eeb571971d4cf53","98154","true","7.67","0"
"ibis_missing_sku","","69e9e7ff2eeb571971d4cf5b","98157","true","3.07","0"
"ibis_missing_sku","","69e9e7ff2eeb571971d4cf63","98160","true","12.78","0"
"ibis_missing_sku","","69e9e8002eeb571971d4cf6b","98163","true","2.56","0"
"ibis_missing_sku","","69e9f1742eeb571971d5a8ad","96118","true","50.11","2"
"ibis_missing_sku","","69e9f3172eeb571971d5cea3","95568","true","50.11","4"
"ibis_missing_sku","","69e9f31c2eeb571971d5cf09","95611","true","9.46","9"
"ibis_missing_sku","","69e9f3472eeb571971d5d2ee","107024","true","18.1","2"
"ibis_missing_sku","","69e9f38c2eeb571971d5d919","108196","true","9.46","8"
"ibis_missing_sku","","69e9f3912eeb571971d5d985","108299","false","0","0"
"ibis_missing_sku","","69e9f3932eeb571971d5d9bd","108358","true","9.46","5"
"ibis_missing_sku","","69e9f39f2eeb571971d5dadb","108479","true","28.63","5"
"ibis_missing_sku","","69e9f3ae2eeb571971d5dc32","108654","true","1278.22","2"
"ibis_missing_sku","","69e9f3af2eeb571971d5dc3a","108659","true","168.72","2"
"ibis_missing_sku","","69e9f3af2eeb571971d5dc4b","108664","true","81.8","2"
"ibis_missing_sku","","69e9f3b02eeb571971d5dc53","108667","true","143.16","2"
"ibis_missing_sku","","69e9f3b02eeb571971d5dc5b","108670","true","112.48","2"
"ibis_missing_sku","","69e9f3b12eeb571971d5dc63","108673","true","61.35","2"
"ibis_missing_sku","","69e9f3b12eeb571971d5dc6b","108676","true","51.12","2"
"ibis_missing_sku","","69e9f3b12eeb571971d5dc73","108679","true","168.72","2"
"ibis_missing_sku","","69e9f3b22eeb571971d5dc7b","108682","true","117.59","2"
"ibis_missing_sku","","69e9f3b22eeb571971d5dc83","108685","true","168.72","2"
"ibis_missing_sku","","69e9f3b32eeb571971d5dc8b","108688","true","168.72","2"
"ibis_missing_sku","","69e9f3b32eeb571971d5dc93","108691","true","53.68","2"
"ibis_missing_sku","","69e9f3b32eeb571971d5dc9b","108694","true","53.68","2"
"ibis_missing_sku","","69e9f3b42eeb571971d5dca3","108697","true","53.68","2"
"ibis_missing_sku","","69e9f3b52eeb571971d5dcbc","108730","true","46.01","2"
"ibis_missing_sku","","69e9f3b52eeb571971d5dcc4","108736","true","40.9","2"
"ibis_missing_sku","","69e9f3b62eeb571971d5dccc","108741","true","613.55","0"
"ibis_missing_sku","","69e9f3b62eeb571971d5dcd4","108746","true","296.54","2"
"ibis_missing_sku","","69e9f3b62eeb571971d5dcdc","108751","true","230.08","2"
"ibis_missing_sku","","69e9f3b92eeb571971d5dd16","108789","true","30.68","10"
"ibis_missing_sku","","69e9f3b92eeb571971d5dd1f","108792","true","30.68","10"
"ibis_missing_sku","","69e9f3c62eeb571971d5de47","109017","true","0","0"
"ibis_missing_sku","","69e9f3fb2eeb571971d5e321","110913","true","10.58","10"
"ibis_missing_sku","","69e9f4012eeb571971d5e3a9","111006","true","18.82","10"
"ibis_missing_sku","","69e9f4022eeb571971d5e3bb","111011","true","16.46","10"
"ibis_missing_sku","","69e9f41f2eeb571971d5e66d","111721","true","12.94","10"
"ibis_missing_sku","","69e9f4282eeb571971d5e738","111995","true","13.23","4"
"ibis_missing_sku","","69e9f4422eeb571971d5e9a3","113137","true","35","0"
"ibis_missing_sku","","69e9f4852eeb571971d5efa0","116182","true","18.98","9"
"ibis_missing_sku","","69e9f4882eeb571971d5efe6","116370","true","15","2"
"ibis_missing_sku","","69ec32ec4aa74461d31bc110","","true","0","0"
"duplicate_sku_in_nik","302CU15","","","","",""
"source_id_points_to_different_sku","107LG06","69e9e7892eeb571971d4c4c6","68823","","",""
"duplicate_sku_in_ibis","202FR09","","","","",""
"source_id_points_to_different_sku","802PE95","69e9ec012eeb571971d52b91","84623","","",""
"source_id_points_to_different_sku","143AR08","69e9e69d2eeb571971d4af70","49536","","",""
"duplicate_sku_in_nik","316AC57","","","","",""
"source_id_points_to_different_sku","139ZN38","69e9e78a2eeb571971d4c4e0","68935","","",""
"duplicate_sku_in_nik","148BH03","","","","",""
