"sku","type","url","title","published","stockQty"
"103AC08OR","original","http://localhost:3000/product/beko-sang-blomberg-403","BEKO SANG BLOMBERG","true","4"
"103BH04OR","original","http://localhost:3000/product/bosch-siemens-80","BOSCH SIEMENS","true","10"
"103GR02OR","original","http://localhost:3000/product/---gorenje","Маркуч за съдомиялна GORENJE","true","1"
"103LG75OR","original","http://localhost:3000/product/whirlpool-indesit-ariston","103LG75OR- Изхвърлящ маркуч съдомиялна - 481253029113 - C00311031","true","8"
"103SM02OR","original","http://localhost:3000/product/103sm02or","Маркуч за съдомиялна SMEG","true","9"
"103ZN01OR","original","http://localhost:3000/product/electrolux-zanussi-aeg-732","ELECTROLUX ZANUSSI AEG","false","9"
"103ZN06OR","original","http://localhost:3000/product/electrolux-zanussi-aeg-687","ELECTROLUX ZANUSSI AEG","true","4"
"103ZN08OR","original","http://localhost:3000/product/103zn08or","Маркуч за източване на вода за сушилня 2.5 м Ф8 мм","true","3"
"107AC02OR","original","http://localhost:3000/product/beko-blomberg-33","BEKO BLOMBERG","true","6"
"110TY19OR","original","http://localhost:3000/product/d182d0b5d181d0b8-16","ТЕСИ","true","0"
"113AR07OR","original","http://localhost:3000/product/113ar07or","Семеринг 22х40х8.5  G2","true","19"
"113AR08OR","original","http://localhost:3000/product/113ar08or","Семеринг 35х52/65х7/10.5","true","51"
"113AR09OR","original","http://localhost:3000/product/25-x-47-64-x-7-10","25 x 47/64 x 7/10","true","15"
"113AR10OR","original","http://localhost:3000/product/113ar10or","Семеринг 35х62/75х7/10","true","9"
"113AR12OR","original","http://localhost:3000/product/113ar12or","Семеринг 30x52/65x7/10","true","10"
"113BH07OR","original","http://localhost:3000/product/113bh07or","Уплътнител съдомиялна  Ф 163 мм - 00171598","true","0"
"113EG04OR","original","http://localhost:3000/product/113eg04or","Семеринг 37x66x9.5/12","true","19"
"113EG06OR","original","http://localhost:3000/product/37-x-76-x-95-12-3","семеринг 37х76х9.5/12 - 4036ER2004A","true","28"
"113GR10OR","original","http://localhost:3000/product/hisense-gorenje-5","Семеринг 45x80x11.5/13","true","2"
"113ZN02OR","original","http://localhost:3000/product/402-x-72-x-10-135-2","40,2 x 72 x 10/13,5","true","29"
"113ZN25OR","original","http://localhost:3000/product/113zn25or","семеринг 47x80x11/12.5 - 1327445600 - ROLF","true","26"
"116LG114OR","original","http://localhost:3000/product/1972-h7-2","1972 H7","true","10"
"116LG167OR","original","http://localhost:3000/product/1975-h6","Ремък за сушилня 1975 Н6","true","17"
"116LG309OR","original","http://localhost:3000/product/1965-d0bd7","Ремък1965 H7","true","5"
"116LG314OR","original","http://localhost:3000/product/1965-h6-2","1965 H6","true","0"
"116LG318OR","original","http://localhost:3000/product/1196-5pje-2","1196 5PJE","true","6"
"116LG404OR","original","http://localhost:3000/product/---1991-6phe","Ремък за сушилня 1991 6PHE","true","13"
"116LG406OR","original","http://localhost:3000/product/1227-6phe-2","1227 6PHE","true","1"
"116LG461OR","original","http://localhost:3000/product/1995-h7","ремък 1995 H7 - BOSCH 650499","true","6"
"116LG505OR","original","http://localhost:3000/product/1971-h7-orig","Ремък за сушилня 1971 H7","true","1"
"116LG651OR","original","http://localhost:3000/product/2010-h7","Ремък за сушилня  2010 H7","true","16"
"116LG658OR","original","http://localhost:3000/product/116lg658or","Ремък за сушилня 1540 5 PHE","true","4"
"117AC09OR","original","http://localhost:3000/product/beko-54","BEKO","true","1"
"117AC10OR","original","http://localhost:3000/product/beko-sang-blomberg-3","Маншон за пералня BEKO","true","5"
"117AC12OR","original","http://localhost:3000/product/beko-sang-blomberg-26","BEKO SANG BLOMBERG","true","0"
"117AC13OR","original","http://localhost:3000/product/beko-sang-blomberg-132","BEKO SANG BLOMBERG","true","2"
"117AC14OR","original","http://localhost:3000/product/beko-sang-blomberg-156","BEKO SANG BLOMBERG","true","2"
"117AC18OR","original","http://localhost:3000/product/beko-sang-blomberg-309","1400810100","true","3"
"117AR35OR","original","http://localhost:3000/product/indesit-ariston-hot-point-4","INDESIT ARISTON HOT POINT","true","2"
"117AR40OR","original","http://localhost:3000/product/indesit-ariston-34","INDESIT ARISTON","true","3"
"117AR51OR","original","http://localhost:3000/product/indesit-ariston-590","INDESIT ARISTON","true","2"
"117AR55OR","original","http://localhost:3000/product/indesit-ariston-636","INDESIT ARISTON","true","2"
"117BY20OR","original","http://localhost:3000/product/bosch-siemens-63","BOSCH SIEMENS","true","3"
"117CY30OR","original","http://localhost:3000/product/candy-9","CANDY","true","3"
"117CY48OR","original","http://localhost:3000/product/candy-286","CANDY","true","2"
"117CY49OR","original","http://localhost:3000/product/candy-haier-4","CANDY HAIER","true","3"
"117EGOR","original","http://localhost:3000/product/117egor","маншон 4986ER1004A - оригинален","true","1"
"117GR08OR","original","http://localhost:3000/product/candy-305","маншон 581576","true","3"
"117GR12OR","original","http://localhost:3000/product/117gr12or","Маншон за пералня HISENSE, GORENJE","true","4"
"117GR14OR","original","http://localhost:3000/product/gorenje-279","GORENJE","true","2"
"117HA05OR","original","http://localhost:3000/product/d0bcd0b0d0bdd188d0bed0bd-d0b7d0b0-d0bfd0b5d180d0b0d0bbd0bdd18f","Маншон за пералня","true","2"
"117ZN42OR","original","http://localhost:3000/product/electrolux-zanussi-aeg-400","ELECTROLUX ZANUSSI AEG","true","2"
"117ZN43OR","original","http://localhost:3000/product/electrolux-zanussi-aeg-402","ELECTROLUX ZANUSSI AEG","true","4"
"117ZN45OR","original","http://localhost:3000/product/electrolux-zanussi-aeg-776","ELECTROLUX ZANUSSI AEG","true","4"
"117ZN46OR","original","http://localhost:3000/product/electrolux-zanussi-aeg-468","маншон - 140004670042-140004670018","true","0"
"117ZN48OR","original","http://localhost:3000/product/electrolux-zanussi-aeg-483","ELECTROLUX ZANUSSI AEG","true","1"
"119AC05OR","original","http://localhost:3000/product/beko-sang-blomberg-120","Горен гофриран маркуч за перални BEKO","true","5"
"119AC07OR","original","http://localhost:3000/product/beko-sang-21","BEKO SANG","true","5"
"119ZN16OR","original","http://localhost:3000/product/electrolux-zanussi-aeg-298","ELECTROLUX ZANUSSI AEG","true","5"
"120AC04OR","original","http://localhost:3000/product/beko-66","BEKO","true","7"
"120AC12OR","original","http://localhost:3000/product/120ac12or","гумено съединение","true","1"
"120AC13OR","original","http://localhost:3000/product/beko-sang-blomberg-203","Долен гофриран маркуч","true","4"
"120AR10OR","original","http://localhost:3000/product/indesit-ariston-552","INDESIT ARISTON","true","3"
"120IG14OR","original","http://localhost:3000/product/120ig14or","Гофриран маркуч долен","true","3"
"120SU06OR","original","http://localhost:3000/product/samsung-260","SAMSUNG","true","6"
"120ZN66OR","original","http://localhost:3000/product/electrolux-zanussi-aeg-399","ELECTROLUX ZANUSSI AEG","true","5"
"126AC00OR","original","http://localhost:3000/product/beko-152","BEKO","true","22"
"126AR09OR","original","http://localhost:3000/product/indesit-ariston-319","INDESIT ARISTON","true","3"
"126AR14OR","original","http://localhost:3000/product/indesit-ariston-594","INDESIT ARISTON","true","3"
"126BH06OR","original","http://localhost:3000/product/bosch-siemens-balay-208","BOSCH SIEMENS BALAY","true","1"
"126GR07OR","original","http://localhost:3000/product/gorenje-320","GORENJE","true","6"
"126ZN02OR","original","http://localhost:3000/product/electrolux-zanussi-aeg-784","ELECTROLUX ZANUSSI AEG","true","10"
"126ZN05OR","original","http://localhost:3000/product/126zn05or","упл. съдомиялна 1565 mm - 1171265455","true","1"
"126ZN07OR","original","http://localhost:3000/product/electrolux-zanussi-aeg-617","ELECTROLUX ZANUSSI AEG","true","4"
"126ZN08OR","original","http://localhost:3000/product/electrolux-zanussi-aeg-734","ELECTROLUX ZANUSSI AEG","true","2"
"126ZN14OR","original","http://localhost:3000/product/electrolux-zanussi-aeg-39","ELECTROLUX ZANUSSI AEG","true","12"
"126ZN16OR","original","http://localhost:3000/product/electrolux-zanussi-aeg-425","ELECTROLUX ZANUSSI AEG","true","3"
"131AC02OR","original","http://localhost:3000/product/131ac02or","Кече сушилня Beko","true","3"
"131AC03OR","original","http://localhost:3000/product/131ac03or","Кече сушилня Beko","true","3"
"131AC04OR","original","http://localhost:3000/product/131ac04or","Уплътнител .сушилня BEKO","true","6"
"131AC05OR","original","http://localhost:3000/product/beko-sang-blomberg-194","BEKO SANG BLOMBERG","true","4"
"131AC06OR","original","http://localhost:3000/product/131ac06or","Уплътнител .сушилня BEKO","true","3"
"131AC07OR","original","http://localhost:3000/product/131ac07or","Уплътнител .сушилня BEKO","true","2"
"131AC08OR","original","http://localhost:3000/product/131ac08or","Кече сушилня Beko","true","3"
"131AC09OR","original","http://localhost:3000/product/131ac09or","Уплътнител .сушилня BEKO","true","3"
"131AC10OR","original","http://localhost:3000/product/131ac10or","Уплътнител .сушилня BEKO","true","2"
"131AC11OR","original","http://localhost:3000/product/131ac11or","Уплътнител .сушилня BEKO","true","4"
"131AC13OR","original","http://localhost:3000/product/beko-sang-blomberg-444","BEKO SANG BLOMBERG","true","3"
"131AR01OR","original","http://localhost:3000/product/131ar01or","Кече за сушилня INDESIT","true","5"
"131BH02OR","original","http://localhost:3000/product/131bh02or","Кече за сушилня БОШ - 00649045","true","4"
"131CY01OR","original","http://localhost:3000/product/131cy01or","Кече сушилня Candy","true","2"
"131CY04OR","original","http://localhost:3000/product/candy-253","CANDY","true","2"
"131ID01OR","original","http://localhost:3000/product/131id01or","Кече сушилня INDESIT","true","2"
"131IG01OR","original","http://localhost:3000/product/131ig01or","Кече сушилня Whirlpool","true","1"
"131ZN02OR","original","http://localhost:3000/product/electrolux-zanussi-aeg-383","ELECTROLUX ZANUSSI AEG","true","1"
"131ZN15OR","original","http://localhost:3000/product/131zn15or","упл.сушилня AEG - 1251102222 - 1251102206","true","0"
"131ZN21OR","original","http://localhost:3000/product/131zn21or","Кече за сушилня AEG,Elektrolux","true","3"
"133AC02OR","original","http://localhost:3000/product/beko-sang-blomberg-167","Пружина за съдомиялна BEKO","true","5"
"133AC11OR","original","http://localhost:3000/product/candy-219","BEKO BLOMBERG","true","3"
"133BH00OR","original","http://localhost:3000/product/bosch-siemens-33","BOSCH SIEMENS","true","2"
"133IG01OR","original","http://localhost:3000/product/whirlpool-ignis-bauknecht-96","Пружина пералня - 481010816225 - C00381540","true","2"
"133IG02OR","original","http://localhost:3000/product/133ig02or","Пружина съдомиялна WHIRLPOOL","true","4"
"133ZN02OR","original","http://localhost:3000/product/electrolux-zanussi-aeg-756","Пружина пералня Electrolux - 1327684104","true","1"
"138AC03OR","original","http://localhost:3000/product/beko-blomberg-34","Турбина за вентилатор сушилня","true","4"
"138AC05OR","original","http://localhost:3000/product/beko-blomberg-93","BEKO BLOMBERG","true","4"
"138AR07OR","original","http://localhost:3000/product/indesit-ariston-363","турбина сушилня - C00526646","true","10"
"138BH04OR","original","http://localhost:3000/product/bosch-siemens-balay-247","BOSCH SIEMENS BALAY","true","1"
"138GR03OR","original","http://localhost:3000/product/gorenje-243","Турбина за сушилня GORENJE","true","9"
"138GR05OR","original","http://localhost:3000/product/gorenje-251","GORENJE MORA","true","9"
"138IG01OR","original","http://localhost:3000/product/whirlpool-ignis-bauknecht-20","WHIRLPOOL IGNIS BAUKNECHT","true","4"
"138SU01OR","original","http://localhost:3000/product/138su01or","турбина сушилня - DC82-01208A","true","1"
"138SU02OR","original","http://localhost:3000/product/samsung-26","SAMSUNG","true","0"
"138SU03OR","original","http://localhost:3000/product/samsung-237","Турбина за сушилня","true","4"
"138ZN10OR","original","http://localhost:3000/product/electrolux-zanussi-aeg-120","ELECTROLUX ZANUSSI AEG","true","1"
"139AC01OR","original","http://localhost:3000/product/beko-blomberg-107","BEKO BLOMBERG","true","2"
"139AC04OR","original","http://localhost:3000/product/beko-56","BEKO","true","9"
"139AC05OR","original","http://localhost:3000/product/beko-50","BEKO","true","7"
"139AC06OR","original","http://localhost:3000/product/beko-sang-blomberg-7","Закопчалка за пералня","true","0"
"139AC09OR","original","http://localhost:3000/product/beko-blomberg-73","BEKO BLOMBERG","true","3"
"139AC11OR","original","http://localhost:3000/product/beko-sang-blomberg-28","BEKO SANG BLOMBERG","true","0"
"139AC14OR","original","http://localhost:3000/product/beko-sang-blomberg-141","BEKO SANG BLOMBERG","true","10"
"139AC15OR","original","http://localhost:3000/product/beko-sang-blomberg-159","BEKO SANG BLOMBERG","true","7"
"139AC19OR","original","http://localhost:3000/product/64050","BEKO BLOMBERG","true","2"
"139AC24OR","original","http://localhost:3000/product/beko-blomberg-119","BEKO BLOMBERG","true","10"
"139BY28OR","original","http://localhost:3000/product/bosch-siemens-balay-176","BOSCH SIEMENS BALAY","true","11"
"139BY29OR","original","http://localhost:3000/product/bosch-siemens-balay-181","BOSCH SIEMENS BALAY","true","11"
"139CY12OR","original","http://localhost:3000/product/candy-285","CANDY","true","4"
"139CY13OR","original","http://localhost:3000/product/candy-164","CANDY","true","5"
"139CY14OR","original","http://localhost:3000/product/candy-165","CANDY","true","4"
"139CY15OR","original","http://localhost:3000/product/candy-182","CANDY","true","11"
"139CY16OR","original","http://localhost:3000/product/candy-169","CANDY","true","12"
"139CY17OR","original","http://localhost:3000/product/candy-42","CANDY","true","10"
"139CY21OR","original","http://localhost:3000/product/candy-283","CANDY","true","3"
"139GR08OR","original","http://localhost:3000/product/gorenje-107","Закопчалка за пералня","true","12"
"139GR09OR","original","http://localhost:3000/product/gorenje-130","Закопчалка за пералня GORENJE","true","9"
"139GR10OR","original","http://localhost:3000/product/gorenje-207","закопчалка - 333855","true","1"
"139ID12OR","original","http://localhost:3000/product/139id12or","закопчалка C00050182","true","1"
"139ID13OR","original","http://localhost:3000/product/indesit-ariston-601","INDESIT ARISTON","true","1"
"139ID19OR","original","http://localhost:3000/product/139id19or","закопчалка бяла","true","6"
"139ID20OR","original","http://localhost:3000/product/indesit-ariston-383","INDESIT ARISTON","true","0"
"139IG28OR","original","http://localhost:3000/product/whirlpool-30","WHIRLPOOL","true","3"
"139SU00OR","original","http://localhost:3000/product/samsung-3","SAMSUNG","true","0"
"139VE34OR","original","http://localhost:3000/product/vestel-109","VESTEL","true","4"
"139ZN10OR","original","http://localhost:3000/product/electrolux-zanussi-aeg-444","ELECTROLUX ZANUSSI AEG","true","2"
"139ZN37OR","original","http://localhost:3000/product/electrolux-zanussi-aeg-221","ELECTROLUX ZANUSSI AEG","true","0"
"139ZN38OR","original","http://localhost:3000/product/electrolux-zanussi-aeg-241","ELECTROLUX ZANUSSI AEG","true","2"
"139ZN45OR","original","http://localhost:3000/product/electrolux-zanussi-aeg-725","ELECTROLUX ZANUSSI AEG","false","0"
"139ZN49OR","original","http://localhost:3000/product/electrolux-zanussi-aeg-464","закопчалка ELECTROLUX - 4055137402","true","20"
"139ZN51OR","original","http://localhost:3000/product/electrolux-zanussi-aeg-380","ELECTROLUX ZANUSSI AEG","true","2"
"139ZN57OR","original","http://localhost:3000/product/139zn57or","Закопчалка сушилня ELECTROLUX  AEG","true","1"
"139ZN58OR","original","http://localhost:3000/product/electrolux-zanussi-aeg-56","ELECTROLUX ZANUSSI AEG","true","3"
"139ZN60OR","original","http://localhost:3000/product/139zn60or","закопчалка -  4055186482  INOX","true","0"
"139ZN61OR","original","http://localhost:3000/product/electrolux-zanussi-aeg-778","ELECTROLUX ZANUSSI AEG","true","6"
"139ZN62OR","original","http://localhost:3000/product/electrolux-zanussi-aeg-461","ELECTROLUX ZANUSSI AEG","true","3"
"139ZN70OR","original","http://localhost:3000/product/electrolux-zanussi-aeg-640","ELECTROLUX ZANUSSI AEG","true","6"
"139ZW07OR","original","http://localhost:3000/product/139zw07or","90473547, 90489093","true","3"
"140AC27OR","original","http://localhost:3000/product/beko-sang-blomberg-88","BEKO SANG BLOMBERG","true","5"
"140AC31OR","original","http://localhost:3000/product/140ac31or","Капак за лампа на сушилня","true","3"
"140AC33OR","original","http://localhost:3000/product/beko-sang-blomberg-108","BEKO SANG BLOMBERG","true","11"
"140AC38OR","original","http://localhost:3000/product/beko-sang-blomberg-170","BEKO SANG BLOMBERG","true","3"
"140AC50OR","original","http://localhost:3000/product/beko-sang-blomberg-229","BEKO SANG BLOMBERG","true","14"
"140AC64OR","original","http://localhost:3000/product/beko-167","BEKO","true","3"
"140AC66OR","original","http://localhost:3000/product/beko-sang-blomberg-301","BEKO SANG BLOMBERG","true","6"
"140AC75OR","original","http://localhost:3000/product/beko-blomberg-50","Тръба за съдомиялна машина","true","3"
"140AC82OR","original","http://localhost:3000/product/140ac82or","Долна пръскалка на съдомиялна","true","0"
"140BH02OR","original","http://localhost:3000/product/bosch-siemens-balay-319","BOSCH SIEMENS BALAY","true","0"
"140BH12OR","original","http://localhost:3000/product/140bh12or","пръскалка с рамо к-т -  668147","true","1"
"140BH32OR","original","http://localhost:3000/product/bosch-siemens-32","BOSCH SIEMENS","true","1"
"140CY14OR","original","http://localhost:3000/product/candy-176","CANDY","true","0"
"140CY37OR","original","http://localhost:3000/product/candy-123","Преграда за барабан на пералня CANDY","true","16"
"140CY38OR","original","http://localhost:3000/product/candy-141","CANDY","true","25"
"140CY45OR","original","http://localhost:3000/product/candy-62","CANDY","true","1"
"140GR08OR","original","http://localhost:3000/product/gorenje-265","Филтър за сушилня GORENJE 225x105x30 mm","true","10"
"140GR09OR","original","http://localhost:3000/product/gorenje-242","Филтър за сушилня GORENJE 280х135х20 мм","true","10"
"140GR11OR","original","http://localhost:3000/product/gorenje-midea-2","140GR11OR - Упл.корпус миялна - 512742 - Мидея","true","4"
"140ID09OR","original","http://localhost:3000/product/19807","INDESIT ARISTON","true","2"
"140IG10OR","original","http://localhost:3000/product/whirlpool-indesit-ariston-11","WHIRLPOOL  INDESIT ARISTON","true","2"
"140IG30OR","original","http://localhost:3000/product/whirlpool-ignis-bauknecht-47","WHIRLPOOL IGNIS BAUKNECHT","true","7"
"140IG35OR","original","http://localhost:3000/product/whirlpool-indesit-ariston-3","WHIRLPOOL INDESIT ARISTON","true","0"
"140IG37OR","original","http://localhost:3000/product/indesit-ariston-147","INDESIT ARISTON  WHIRLPOOL","true","0"
"140IG39OR","original","http://localhost:3000/product/whirlpool-ignis-philips-176","клавиш декоративен двоен WHIRLPOOL - 481071425341","true","0"
"140IG43OR","original","http://localhost:3000/product/whirlpool-ignis-philips-4","WHIRLPOOL IGNIS PHILIPS","true","6"
"140IG45OR","original","http://localhost:3000/product/whirlpool-ignis-philips-11","WHIRLPOOL IGNIS PHILIPS","true","5"
"140IG49OR","original","http://localhost:3000/product/whirlpool-ignis-bauknecht-57","клавиш декоративен двоен WHIRLPOOL - 481251318199","true","2"
"140IG62OR","original","http://localhost:3000/product/whirlpool-ignis-bauknecht-79","WHIRLPOOL IGNIS BAUKNECHT","true","4"
"140MI08OR","original","http://localhost:3000/product/miele-55","MIELE","true","2"
"140SM13OR","original","http://localhost:3000/product/smeg-25","SMEG","true","1"
"140SM15OR","original","http://localhost:3000/product/smeg-gorenje-2","SMEG GORENJE","true","4"
"140SM18OR","original","http://localhost:3000/product/140sm18or","Водна завеса за съдомиялна","true","3"
"140VE01OR","original","http://localhost:3000/product/140ve01or","Преграда за барабан за пералня VESTEL","true","26"
"140VE09OR","original","http://localhost:3000/product/140ve09or","Преграда за барабан за пералня VESTEL","true","15"
"140VE13OR","original","http://localhost:3000/product/vestel-neo-crown-41","VESTEL NEO CROWN","true","24"
"140ZN50OR","original","http://localhost:3000/product/electrolux-zanussi-aeg-513","ELECTROLUX ZANUSSI AEG","true","5"
"140ZN53OR","original","http://localhost:3000/product/electrolux-zanussi-aeg-72","ELECTROLUX ZANUSSI AEG","true","3"
"140ZN57OR","original","http://localhost:3000/product/electrolux-zanussi-aeg-324","Долна пръскалка за съдомиялна","true","6"
"140ZN58OR","original","http://localhost:3000/product/electrolux-zanussi-aeg-396","ELECTROLUX ZANUSSI AEG","true","6"
"140ZN60OR","original","http://localhost:3000/product/electrolux-zanussi-aeg-506","ELECTROLUX ZANUSSI AEG","true","2"
"140ZN61OR","original","http://localhost:3000/product/electrolux-zanussi-aeg-481","ELECTROLUX ZANUSSI AEG","true","2"
"140ZN62OR","original","http://localhost:3000/product/electrolux-zanussi-aeg-388","ELECTROLUX ZANUSSI AEG","true","13"
"140ZN64OR","original","http://localhost:3000/product/electrolux-zanussi-aeg-390","ELECTROLUX ZANUSSI AEG","true","3"
"140ZN66OR","original","http://localhost:3000/product/electrolux-zanussi-aeg-170","ELECTROLUX ZANUSSI AEG","true","1"
"140ZN72OR","original","http://localhost:3000/product/electrolux-zanussi-aeg-471","ELECTROLUX ZANUSSI AEG","true","5"
"140ZN84OR","original","http://localhost:3000/product/electrolux-zanussi-aeg-65","ELECTROLUX ZANUSSI AEG","true","1"
"140ZN89OR","original","http://localhost:3000/product/electrolux-zanussi-aeg-594","Уплътнител дъно на съдомиялна  ELECTROLUX","true","0"
"143AC04OR","original","http://localhost:3000/product/beko-sang-blomberg-137","BEKO SANG BLOMBERG","true","1"
"143AC05OR","original","http://localhost:3000/product/beko-sang-blomberg-54","Филтър за сушилня BEKO","true","5"
"143AC07OR","original","http://localhost:3000/product/beko-sang-blomberg-61","Филтър сушилня BEKO","true","1"
"143AC08OR","original","http://localhost:3000/product/beko-sang-blomberg-102","Филтър сушилня BEKO","true","31"
"143AC14OR","original","http://localhost:3000/product/beko-blomberg-80","BEKO BLOMBERG","true","3"
"143AR00OR","original","http://localhost:3000/product/indesit-ariston-25","INDESIT ARISTON","true","3"
"143AR01OR","original","http://localhost:3000/product/indesit-ariston-475","INDESIT ARISTON","true","4"
"143AR03OR","original","http://localhost:3000/product/143ar03or","Филтър сушилня INDESIT ARISTON","true","5"
"143AR08OR","original","http://localhost:3000/product/indesit-ariston-478","INDESIT ARISTON","true","5"
"143BH01OR","original","http://localhost:3000/product/bosch-siemens-balay-243","BOSCH SIEMENS BALAY","true","3"
"143BH02OR","original","http://localhost:3000/product/bosch-siemens-81","BOSCH SIEMENS","true","4"
"143CY16OR","original","http://localhost:3000/product/candy-zerowatt-27","филтър 41021233 стар 41021232","true","6"
"143CY17OR","original","http://localhost:3000/product/candy-157","143CY17OR- филтър сушилня - 40006731","true","7"
"143GR07OR","original","http://localhost:3000/product/gorenje-85","GORENJE","true","4"
"143GR10OR","original","http://localhost:3000/product/gorenje-230","филтър  к-т с уплътнител 279538","true","4"
"143GR14OR","original","http://localhost:3000/product/gorenje-241","GORENJE","true","3"
"143ID01OR","original","http://localhost:3000/product/indesit-ariston-70","Фиртър сушилня INDESIT ARISTON","true","3"
"143ID07OR","original","http://localhost:3000/product/whirlpool-21","WHIRLPOOL","true","2"
"143ID11OR","original","http://localhost:3000/product/indesit-ariston-544","INDESIT ARISTON","true","2"
"143IG14OR","original","http://localhost:3000/product/whirlpool-ignis-bauknecht-28","WHIRLPOOL IGNIS BAUKNECHT","true","18"
"143IG18OR","original","http://localhost:3000/product/whirlpool-ignis-bauknecht-58","WHIRLPOOL IGNIS BAUKNECHT","true","6"
"143MI05OR","original","http://localhost:3000/product/143mi05or","Филтър за сушилня MIELE - 06244611","true","0"
"143SI10OR","original","http://localhost:3000/product/bosch-siemens-balay-162","BOSCH SIEMENS BALAY","true","4"
"143SI11OR","original","http://localhost:3000/product/bosch-siemens-balay-184","BOSCH SIEMENS BALAY","true","4"
"143SI15OR","original","http://localhost:3000/product/bosch-siemens-balay-189","BOSCH SIEMENS BALAY","true","4"
"143ZN07OR","original","http://localhost:3000/product/electrolux-zanussi-aeg-227","ELECTROLUX ZANUSSI AEG","true","6"
"143ZN24OR","original","http://localhost:3000/product/electrolux-zanussi-aeg-60","ELECTROLUX ZANUSSI AEG","true","2"
"143ZN27OR","original","http://localhost:3000/product/electrolux-zanussi-aeg-338","ELECTROLUX ZANUSSI AEG","true","1"
"143ZN28OR","original","http://localhost:3000/product/electrolux-zanussi-aeg-408","ELECTROLUX ZANUSSI AEG","true","1"
"143ZN33OR","original","http://localhost:3000/product/electrolux-zanussi-aeg-501","Филтър за сушилня","true","9"
"143ZN34OR","original","http://localhost:3000/product/electrolux-zanussi-aeg-524","ELECTROLUX ZANUSSI AEG","true","3"
"145CY09OR","original","http://localhost:3000/product/candy-201","CANDY","true","6"
"145GR05OR","original","http://localhost:3000/product/gorenje-184","GORENJE","true","3"
"145GR10OR","original","http://localhost:3000/product/gorenje-235","Външен ринг за пералня GORENJE","true","4"
"146ZN12OR","original","http://localhost:3000/product/electrolux-zanussi-aeg-182","ELECTROLUX ZANUSSI AEG","true","2"
"147AC05OR","original","http://localhost:3000/product/beko-sang-blomberg-68","BEKO SANG BLOMBERG","true","10"
"147AR02OR","original","http://localhost:3000/product/indesit-ariston-318","INDESIT ARISTON","true","5"
"148AC12OR","original","http://localhost:3000/product/beko-sang-blomberg-98","BEKO SANG BLOMBERG","true","6"
"148BH11OR","original","http://localhost:3000/product/bosch-siemens-balay-324","Ключалка за врата на сушилня BOSCH","true","12"
"148GR14OR","original","http://localhost:3000/product/hisense-gorenje","HISENSE GORENJE","true","0"
"148ID06OR","original","http://localhost:3000/product/indesit-ariston-440","INDESIT ARISTON","true","5"
"148ID14OR","original","http://localhost:3000/product/indesit-ariston-639","INDESIT ARISTON","true","7"
"148SM08OR","original","http://localhost:3000/product/smeg-46","SMEG GORENJE","true","0"
"148ZN30OR","original","http://localhost:3000/product/148zn30or","биметална ключалка - 8084553067","true","0"
"148ZN39OR","original","http://localhost:3000/product/148zn39or","Биметална ключалка","true","2"
"148ZN40OR","original","http://localhost:3000/product/electrolux-zanussi-aeg-502","Ключалка за съдомиялна ELECTROLUX","true","7"
"150AC00OR","original","http://localhost:3000/product/150ac00or","NTC  38 kO за съдомиялна","true","6"
"150AC01OR","original","http://localhost:3000/product/150ac01or","ТОС керам. NA 80С фурна","true","10"
"150AC02OR","original","http://localhost:3000/product/beko-sang-blomberg-81","Защита керам. 250С фурна","true","7"
"150CY02OR","original","http://localhost:3000/product/candy-299","CANDY","true","3"
"150GR10OR","original","http://localhost:3000/product/64941","Температурен сензор за фурна","true","5"
"150ID04OR","original","http://localhost:3000/product/indesit-ariston-344","INDESIT ARISTON","true","0"
"151AC17OR","original","http://localhost:3000/product/beko-sang-blomberg-443","BEKO SANG BLOMBERG","true","1"
"151CY02OR","original","http://localhost:3000/product/151cy02or","Пресостат за съдомиялна CANDY","true","10"
"151MI01OR","original","http://localhost:3000/product/miele-14","MIELE","true","0"
"152ZN04OR","original","http://localhost:3000/product/152zn04or","електронен 3792216032 - 3792216040 - Metalflex- ITW","true","0"
"153BH05OR","original","http://localhost:3000/product/bosch-siemens-balay-23","клапан съдомиялна БОШ - 631199","true","0"
"153ZN11OR","original","http://localhost:3000/product/electrolux-zanussi-aeg-521","ELECTROLUX ZANUSSI AEG","true","2"
"154GR01OR","original","http://localhost:3000/product/gorenje-18","154GR01OR - клапан дв. хориз. букси RAST 2,5 - 789799, 587559, 459455","true","0"
"155CY00OR","original","http://localhost:3000/product/candy-301","CANDY","true","1"
"159AC11OR","original","http://localhost:3000/product/beko-sang-blomberg-338","Нагревател пералня/ сушилня к-т","true","1"
"159AR21OR","original","http://localhost:3000/product/159ar21or","Нагревател сушилня 1200W","true","10"
"159AR22OR","original","http://localhost:3000/product/159ar22or","Нагревател сушилня 1500 W","true","3"
"159ID08OR","original","http://localhost:3000/product/indesit-ariston-226","INDESIT ARISTON","true","2"
"159ZN09OR","original","http://localhost:3000/product/electrolux-zanussi-aeg-163","ELECTROLUX ZANUSSI AEG","true","1"
"159ZN10OR","original","http://localhost:3000/product/electrolux-zanussi-aeg-160","ELECTROLUX ZANUSSI AEG","true","5"
"161AC00OR","original","http://localhost:3000/product/beko-131","нагревател 1800W - тръба Ф32 / L146 - 1888150100","true","6"
"161AR09OR","original","http://localhost:3000/product/161ar09or","корпус  помпа съдомиялна с нагревател - C00256526","true","3"
"161AR10OR","original","http://localhost:3000/product/indesit-ariston-merloni-16","INDESIT ARISTON MERLONI","true","1"
"161GR10OR","original","http://localhost:3000/product/gorenje-193","GORENJE MIDEA","true","0"
"161ZN10OR","original","http://localhost:3000/product/161zn10or","Корпус с нагревател 1800W  за помпа на съдомиялна ELECTROLUX","true","1"
"162AC06OR","original","http://localhost:3000/product/162ac06or","Четкодържатели к-т - 5х12,5х32 - 371201201 - 371201205 - 481281719408","true","0"
"162AC12OR","original","http://localhost:3000/product/beko-141","BEKO","true","6"
"162AC26OR","original","http://localhost:3000/product/beko-sang-blomberg-128","Помпа съдомиялна ATLANTIS с нагревател","true","5"
"162AC71OR","original","http://localhost:3000/product/beko-blomberg-116","BEKO BLOMBERG","true","2"
"162AR33OR","original","http://localhost:3000/product/indesit-ariston-280","162AR33OR- Четкодържатели к-т - 5x12,5x32  - C00196539","true","23"
"162BH23OR","original","http://localhost:3000/product/162bh23or","Циркулационна помпа за съдомиялна BOSCH с нагревател","true","4"
"162BH25OR","original","http://localhost:3000/product/----bosch--","Циркулационна помпа за съдомиялна BOSCH с нагревател","true","6"
"162BH26OR","original","http://localhost:3000/product/162bh26or","Циркулационна помпа за съдомиялна BOSCH с нагревател","true","2"
"162BH28OR","original","http://localhost:3000/product/162bh28or","Циркулационна помпа за съдомиялна BOSCH с нагревател","true","4"
"162BH29OR","original","http://localhost:3000/product/162bh29or","Циркулационна помпа за съдомиялна BOSCH с нагревател","true","2"
"162BH40OR","original","http://localhost:3000/product/bosch-siemens-balay-252","трипътен вентил миялна BOSCH - 644996","true","2"
"162EG02OR","original","http://localhost:3000/product/lg-9","Сензор двигател 6501KW2001A, 6501KW2001","true","1"
"162FR38OR","original","http://localhost:3000/product/bosch-siemens-balay-167","BOSCH SIEMENS BALAY","true","6"
"162FR71OR","original","http://localhost:3000/product/whirlpool-27","WHIRLPOOL","true","1"
"162ID31OR","original","http://localhost:3000/product/indesit-ariston-598","INDESIT ARISTON","true","2"
"162ZN100OR","original","http://localhost:3000/product/electrolux-zanussi-aeg-183","Мотор за сушилня - 8072524021","true","5"
"162ZN21R","removed-from-unit","http://localhost:3000/product/electrolux-zanussi-aeg-286","ELECTROLUX ZANUSSI AEG","true","11"
"162ZN28OR","original","http://localhost:3000/product/electrolux-zanussi-aeg-674","ELECTROLUX ZANUSSI AEG","true","5"
"163AC00OR","original","http://localhost:3000/product/163ac00or","Помпа сушилня BEKO 13W","true","7"
"163AC02OR","original","http://localhost:3000/product/beko-bosch-siemens","помпа байонет 3 зъба-1740300100 - 1748200100","true","22"
"163AC03OR","original","http://localhost:3000/product/beko-arcelik-brandt-bosch","BEKO ARCELIK BRANDT BOSCH","true","2"
"163AC09OR","original","http://localhost:3000/product/beko-sang-blomberg-299","помпа пералня","true","45"
"163AC13OR","original","http://localhost:3000/product/163ac13or","Ппомпа пералня BEKO с 3 отвора","true","11"
"163AC18OR","original","http://localhost:3000/product/beko-sang-blomberg-440","BEKO SANG BLOMBERG","true","3"
"163BH07OR","original","http://localhost:3000/product/bosch-siemens-neff-57","Помпа пералня BOSCH","true","4"
"163BH12OR","original","http://localhost:3000/product/--","Помпа за пералня BOSCH","true","5"
"163CY38OR","original","http://localhost:3000/product/candy-229","CANDY","true","4"
"163GR08OR","original","http://localhost:3000/product/163gr08or","помпа  GORENJE  с букса RAST 2,5","true","2"
"163IG37OR","original","http://localhost:3000/product/whirlpool-ignis-philips-13","WHIRLPOOL IGNIS PHILIPS","true","3"
"163ZN05OR","original","http://localhost:3000/product/163zn05or","Aeg, Hoover GRE 573","true","0"
"164AC05OR","original","http://localhost:3000/product/beko-sang-blomberg-100","BEKO SANG BLOMBERG","true","4"
"164AC10OR","original","http://localhost:3000/product/beko-sang-blomberg-393","BEKO SANG BLOMBERG","true","11"
"164AC13OR","original","http://localhost:3000/product/beko-sang-blomberg-405","BEKO SANG BLOMBERG","true","7"
"164CY05/OR","original","http://localhost:3000/product/164cy05-or","панти за вграждане - 92784297","true","1"
"164CY05OR","original","http://localhost:3000/product/candy-150","CANDY","true","4"
"165GR06OR","original","http://localhost:3000/product/gorenje-159","Ремъчна шайба за пералня","true","3"
"165ZN09OR","original","http://localhost:3000/product/electrolux-zanussi-aeg-378","ELECTROLUX ZANUSSI AEG","true","8"
"165ZN11OR","original","http://localhost:3000/product/electrolux-zanussi-aeg-267","ELECTROLUX ZANUSSI AEG","true","4"
"165ZN20OR","original","http://localhost:3000/product/electrolux-zanussi-aeg-618","ELECTROLUX ZANUSSI AEG","true","6"
"166AC02OR","original","http://localhost:3000/product/beko-sang-blomberg-73","BEKO SANG BLOMBERG","true","27"
"166AR05OR","original","http://localhost:3000/product/indesit-ariston-595","166AR050R - Ролка сушилня - C00728616","true","12"
"166AR06OR","original","http://localhost:3000/product/indesit-ariston-479","INDESIT ARISTON","true","10"
"166BH00OR","original","http://localhost:3000/product/bosch-siemens-41","Ролка сушилня BOSCH","true","18"
"166BH01OR","original","http://localhost:3000/product/bosch-siemens-balay-222","BOSCH SIEMENS BALAY","true","8"
"166CY08OR","original","http://localhost:3000/product/candy-174","CANDY","true","2"
"166GR02OR","original","http://localhost:3000/product/gorenje-145","GORENJE","true","10"
"166GR07OR","original","http://localhost:3000/product/gorenje-80","GORENJE","true","12"
"166IG02OR","original","http://localhost:3000/product/whirlpool-indesit-ariston-12","Ролка за сушилня WHIRLPOOL","true","2"
"166IG04OR","original","http://localhost:3000/product/whirlpool-ignis-bauknecht-7","166IG04OR - ролка 484000008521,484000000792, 480112101592 - 376378","true","5"
"166IG08OR","original","http://localhost:3000/product/166ig08or","Ролка сушилня","true","12"
"166ZN02OR","original","http://localhost:3000/product/electrolux-zanussi-aeg-273","Ролка за сушилня","true","30"
"166ZN03OR","original","http://localhost:3000/product/electrolux-zanussi-aeg-679","Ролка сушилня - 1364059004, 1364169001, 8077877028, 8077877036","true","2"
"167AC06OR","original","http://localhost:3000/product/167ac06or","Амортисьор 85N за пералня BEKO","true","24"
"167AC07OR","original","http://localhost:3000/product/167ac07or","Амортисьор 65N за пералня BEKO","true","11"
"167AC09OR","original","http://localhost:3000/product/beko-sang-blomberg-249","Амортисьор 110N за пералня BEKO","true","12"
"167AC10OR","original","http://localhost:3000/product/167ac10or","Амортисьор 85N за пералня BEKO","true","7"
"167AC12OR","original","http://localhost:3000/product/beko-sang-blomberg-304","Амортисьор 85N за пералня BEKO","true","15"
"167AE02OR","original","http://localhost:3000/product/167ae02or","Амортисьор 100 N за пералня AEG","true","15"
"167AR03OR","original","http://localhost:3000/product/indesit-ariston-473","Амортисьори за пералня 100N","true","50"
"167BH08OR","original","http://localhost:3000/product/167bh08or","Амортисьор 80N - Ф8 мм + щифт - 11039636","true","4"
"167GR02OR","original","http://localhost:3000/product/gorenje-228","Амортисьор за пералня","true","75"
"167GR10OR","original","http://localhost:3000/product/167gr10----100n---341221","Амортисьор 100N","true","26"
"167LG00OR","original","http://localhost:3000/product/universal-19","КИТ ЗА  АМОРТИСЬОРИ","true","3"
"168AC01OR","original","http://localhost:3000/product/168ac01or","Носач за сушилня","true","6"
"168AC02OR","original","http://localhost:3000/product/54235","BEKO BLOMBERG","true","6"
"168ID17OR","original","http://localhost:3000/product/indesit-ariston-237","INDESIT ARISTON","true","12"
"168ID19OR","original","http://localhost:3000/product/indesit-ariston-384","INDESIT ARISTON","true","7"
"168IG23OR","original","http://localhost:3000/product/whirlpool-ignis-philips-12","Лагерно тяло - - 481231019144","true","26"
"168SU18OR","original","http://localhost:3000/product/d0b1d0bed0bbd182","Болт за носач на пералня","true","24"
"168ZN24OR","original","http://localhost:3000/product/electrolux-zanussi-aeg-629","168ZN24OR - лагерно тяло 6203  V-ринг /дясна резба/ - 4071430963","true","4"
"168ZN25OR","original","http://localhost:3000/product/electrolux-zanussi-aeg-630","168ZN25OR - лагерно тяло 6203  V-ринг /лява резба/ - 4071430971","true","0"
"200AC05OR","original","http://localhost:3000/product/beko-sang-blomberg-39","Дръжка за хладилник  295 мм","true","7"
"200AC09OR","original","http://localhost:3000/product/beko-sang-blomberg-153","BEKO SANG BLOMBERG","true","10"
"200AC10OR","original","http://localhost:3000/product/beko-sang-blomberg-185","BEKO SANG BLOMBERG","true","10"
"200AC14OR","original","http://localhost:3000/product/beko-sang-12","BEKO SANG","true","2"
"200AC21OR","original","http://localhost:3000/product/beko-sang-blomberg-377","BEKO SANG BLOMBERG","true","12"
"200AC24OR","original","http://localhost:3000/product/beko-blomberg-118","Дръжка за хладилник с отвори 195 мм лява","true","2"
"200GR03OR","original","http://localhost:3000/product/gorenje-52","Дръжка хлад.GR - заоблена 597275 - 315168 - 380373","true","17"
"202AC01OR","original","http://localhost:3000/product/beko-sang-blomberg-218","Краче за хладилник","true","7"
"208FR12OR","original","http://localhost:3000/product/208fr12or","Крушка за хладилник WHIRLPOOL  40W","true","28"
"208FR19OR","original","http://localhost:3000/product/universal-188","UNIVERSAL","true","3"
"210FR01OR","original","http://localhost:3000/product/d0b1d183d182d0bed0bd-3","Бутон за хладилник","true","3"
"210FR23OR","original","http://localhost:3000/product/beko-51","Бутон за хладилник","true","39"
"215FR92OR","original","http://localhost:3000/product/electrolux-zanussi-aeg-707","215FR92OR - Термостат Данфос - 077B5224 - EX 2426350183","true","0"
"216FR17OR","original","http://localhost:3000/product/termostato-damper-2","TERMOSTATO DAMPER","true","0"
"222FR93OR","original","http://localhost:3000/product/beko-blomberg-88","BEKO BLOMBERG","true","4"
"227FR65OR","original","http://localhost:3000/product/beko-sang-blomberg-60","BEKO SANG BLOMBERG","true","5"
"229AC02OR","original","http://localhost:3000/product/beko-sang-blomberg-424","BEKO SANG BLOMBERG","true","1"
"229FR56OR","original","http://localhost:3000/product/samsung-93","SAMSUNG","true","23"
"229FR68OR","original","http://localhost:3000/product/bosch-siemens-12","BOSCH SIEMENS HAIER","true","2"
"229FR70OR","original","http://localhost:3000/product/beko-sang-blomberg-271","Конектор за хладилник","true","2"
"229FR76OR","original","http://localhost:3000/product/lg-137","LG","true","25"
"300GR01OR","original","http://localhost:3000/product/gorenje-288","GORENJE","true","7"
"301AC03OR","original","http://localhost:3000/product/beko-sang-22","BEKO SANG","true","22"
"301AC10OR","original","http://localhost:3000/product/beko-sang-blomberg-55","BEKO SANG BLOMBERG","true","6"
"301AC16OR","original","http://localhost:3000/product/beko-blomberg-79","BEKO BLOMBERG","true","4"
"301BH00OR","original","http://localhost:3000/product/bosch-siemens-balay-187","BOSCH SIEMENS BALAY","true","0"
"301GR02OR","original","http://localhost:3000/product/gorenje-303","GORENJE","true","3"
"301GR03OR","original","http://localhost:3000/product/gorenje-106","Клеморед за готварски печки Горение","true","22"
"301GR07OR","original","http://localhost:3000/product/301gr07or","Клеморед за готварски печки Горение","true","24"
"301GR08OR","original","http://localhost:3000/product/301gr08or","Клеморед за готварски печки Горение","true","10"
"301ZN01OR","original","http://localhost:3000/product/electrolux-zanussi-aeg-764","ELECTROLUX ZANUSSI AEG","true","8"
"302CU04OR","original","http://localhost:3000/product/universal-145","Плоча  180 mm 1800W за ключ 6+0","true","6"
"302CU05OR","original","http://localhost:3000/product/indesit-ariston-282","Плоча 180/120 мм 1700/700W","true","43"
"302CU22OR","original","http://localhost:3000/product/ego-180-120d0bcd0bc","Плоча 180/120 мм. 1700/700W","true","1"
"304CU08OR","original","http://localhost:3000/product/electrolux-zanussi-aeg-631","Крушка фурна 40W 220V 300° - 3192560070","true","27"
"304GR01OR","original","http://localhost:3000/product/gorenje-149","GORENJE","true","18"
"304IG01OR","original","http://localhost:3000/product/304ig01or","Стъкло за плафон на фурна WHIRLPOOL","true","12"
"304ZN01OR","original","http://localhost:3000/product/electrolux-zanussi-aeg-582","ELECTROLUX ZANUSSI AEG","true","6"
"306CU32OR","original","http://localhost:3000/product/indesit-ariston-575","INDESIT ARISTON","true","9"
"306CU39OR","original","http://localhost:3000/product/indesit-ariston-499","ТЕРМОДВОЙКА 100 см","true","12"
"307AC08OR","original","http://localhost:3000/product/307ac08or","Ключ Беко 8+0","true","8"
"307AC10OR","original","http://localhost:3000/product/beko-sang-blomberg-10","BEKO SANG BLOMBERG","true","11"
"307GR36OR","original","http://localhost:3000/product/gorenje-321","GORENJE","true","3"
"307IG08OR","original","http://localhost:3000/product/307ig08or","Селектор фурна WHIRLPOOL 12 позиции","true","4"
"307ZN06OR","original","http://localhost:3000/product/electrolux-zanussi-aeg-252","ELECTROLUX ZANUSSI AEG","true","6"
"307ZN19OR","original","http://localhost:3000/product/electrolux-zanussi-aeg-495","ELECTROLUX ZANUSSI AEG","true","3"
"308AC04OR","original","http://localhost:3000/product/beko-80","BEKO","true","11"
"308AC05OR","original","http://localhost:3000/product/308ac05or","Уплътнение за фурна 340х420 мм","true","6"
"308AC08OR","original","http://localhost:3000/product/beko-127","BEKO","true","40"
"308AC11OR","original","http://localhost:3000/product/beko-sang-blomberg-14","Уплътнител за фурна с обратни куки 33х43.5","true","24"
"308AC13OR","original","http://localhost:3000/product/universal-61","Уплътнител за плот 2x8x2250 mm","true","21"
"308AC14OR","original","http://localhost:3000/product/308ac14or","Упл. фурна BEKO - пиролиза","true","3"
"308AC15OR","original","http://localhost:3000/product/308ac15or","Уплътнител за фурна BEKO с обратни куки 17х43","true","2"
"308CU14OR","original","http://localhost:3000/product/indesit-ariston-322","INDESIT ARISTON","true","2"
"308CU16OR","original","http://localhost:3000/product/indesit-ariston-181","INDESIT ARISTON","true","20"
"308CU18OR","original","http://localhost:3000/product/indesit-ariston-42","Упл.фурна Индезит - 32,5 x 45,5 см   - C00385306 - C00725238","true","4"
"308CU80OR","original","http://localhost:3000/product/d183d0bfd0bbd18ad0bdd0b8d182d0b5d0bb-2","Уплътнител за керамичен плот 3 м","true","26"
"308CU82OR","original","http://localhost:3000/product/d183d0bfd0bbd18ad0bdd0b8d182d0b5d0bb-6","УПЛЪНИТЕЛ","true","10"
"308GR01OR","original","http://localhost:3000/product/gorenje-112","Уплътнение за фурна GORENJE","true","9"
"308GR04OR","original","http://localhost:3000/product/gorenje-19","GORENJE","true","3"
"308IG03OR","original","http://localhost:3000/product/whirlpool-31","WHIRLPOOL","true","6"
"308MC01OR","original","http://localhost:3000/product/amica-23","Уплътнител  фурна AMICA, HANSA 325 x 415 mm","true","2"
"308ZN00OR","original","http://localhost:3000/product/electrolux-zanussi-aeg-757","ELECTROLUX ZANUSSI AEG","true","23"
"308ZN02OR","original","http://localhost:3000/product/electrolux-zanussi-aeg-749","ELECTROLUX ZANUSSI AEG","true","14"
"308ZN05OR","original","http://localhost:3000/product/electrolux-zanussi-aeg-412","ELECTROLUX ZANUSSI AEG","true","1"
"311GR02OR","original","http://localhost:3000/product/gorenje-323","Капачка за горелка Ф94 мм","true","10"
"312AC11OR","original","http://localhost:3000/product/beko-148","BEKO","true","8"
"312AC12OR","original","http://localhost:3000/product/beko-150","ТЕН Беко 1100+1100 W","true","15"
"312AC13OR","original","http://localhost:3000/product/beko-sang-blomberg-5","BEKO SANG BLOMBERG","true","5"
"312AC14OR","original","http://localhost:3000/product/beko-sang-blomberg-47","BEKO SANG BLOMBERG","true","5"
"312AC16OR","original","http://localhost:3000/product/beko-sang-blomberg-106","Горен нагревател за фурна 800+800 W","true","2"
"312AC18OR","original","http://localhost:3000/product/beko-sang-blomberg-113","BEKO SANG BLOMBERG","true","4"
"312AC23OR","original","http://localhost:3000/product/beko-sang-blomberg-295","BEKO SANG BLOMBERG","true","6"
"312AC28OR","original","http://localhost:3000/product/312ac28or","ТЕН Беко 1200 W в тава","true","3"
"312AR02OR","original","http://localhost:3000/product/indesit-ariston-362","INDESIT ARISTON","true","0"
"312AR13OR","original","http://localhost:3000/product/15252","INDESIT ARISTON","true","1"
"312AR14OR","original","http://localhost:3000/product/indesit-ariston-202","INDESIT ARISTON","true","1"
"312AR18OR","original","http://localhost:3000/product/indesit-ariston-whirlpool-7","INDESIT ARISTON WHIRLPOOL","true","2"
"312BH16OR","original","http://localhost:3000/product/312bh16or","ТЕН Бош 2800W - 776188","true","0"
"312CU03OR","original","http://localhost:3000/product/indesit-ariston-596","INDESIT ARISTON","true","6"
"312CU279OR","original","http://localhost:3000/product/312cu279or","Нагревател микровълнова фурна 400 W  230V","true","14"
"312CU85OR","original","http://localhost:3000/product/electrolux-zanussi-aeg-752","нагревател Elektrolux 1000W - долен - 3970125013","true","6"
"312CY06OR","original","http://localhost:3000/product/312cy06or","Кръгъл нагревател за Канди 2200 W","true","7"
"312CY07OR","original","http://localhost:3000/product/candy-252","CANDY","true","0"
"312CY10OR","original","http://localhost:3000/product/candy-309","CANDY","true","5"
"312FR00OR","original","http://localhost:3000/product/franke-4","FRANKE","true","2"
"312GR05OR","original","http://localhost:3000/product/gorenje-mora","GORENJE","true","4"
"312GR12OR","original","http://localhost:3000/product/gorenje-125","ТЕН Горение 2600W - 229269 - 426830","true","2"
"312GR13OR","original","http://localhost:3000/product/gorenje-196","ТЕН Горение 1000W","true","5"
"312GR15OR","original","http://localhost:3000/product/gorenje-200","ТЕН Горение 2700W - 709465","true","2"
"312GR27OR","original","http://localhost:3000/product/gorenje-korting-8","ТЕН Горение 1000W  - 466261","true","2"
"312GR29OR","original","http://localhost:3000/product/gorenje-256","Горен нагревател за фурна 1100 + 1600W","true","5"
"312GR32OR","original","http://localhost:3000/product/gorenje-280","Долен нагревател за фурна1100W","true","18"
"312IG12OR","original","http://localhost:3000/product/whirlpool-ignis-bauknecht-103","WHIRLPOOL IGNIS BAUKNECHT","true","0"
"312NA03OR","original","http://localhost:3000/product/nardi-25","NARDI","true","2"
"312ZN01OR","original","http://localhost:3000/product/electrolux-zanussi-aeg-228","ELECTROLUX ZANUSSI AEG","true","3"
"312ZN17OR","original","http://localhost:3000/product/electrolux-zanussi-aeg-710","ELECTROLUX ZANUSSI AEG","true","13"
"312ZN22OR","original","http://localhost:3000/product/electrolux-zanussi-aeg-621","ELECTROLUX ZANUSSI AEG","true","1"
"312ZN23OR","original","http://localhost:3000/product/electrolux-zanussi-aeg-714","ELECTROLUX ZANUSSI AEG","true","6"
"312ZN25OR","original","http://localhost:3000/product/electrolux-zanussi-aeg-785","ELECTROLUX ZANUSSI AEG","true","9"
"312ZN26OR","original","http://localhost:3000/product/312zn26or","Горен нагревател за готварска печка 1000+900W","true","3"
"312ZN27OR","original","http://localhost:3000/product/electrolux-zanussi-aeg-497","ELECTROLUX ZANUSSI AEG","true","3"
"312ZN30OR","original","http://localhost:3000/product/312zn30or","ТЕН AEG долен 1500W  - 140053756015","true","0"
"312ZN31OR","original","http://localhost:3000/product/312zn31or","ТЕН горен 1900W  - 5550294010","true","0"
"316AC59OR","original","http://localhost:3000/product/beko-blomberg-67","BEKO BLOMBERG","true","4"
"320AC04OR","original","http://localhost:3000/product/beko-sang-blomberg-198","BEKO SANG BLOMBERG","true","3"
"320ZN09OR","original","http://localhost:3000/product/electrolux-zanussi-aeg-788","ELECTROLUX ZANUSSI AEG","true","1"
"321IG01OR","original","http://localhost:3000/product/whirlpool-ignis-bauknecht-18","WHIRLPOOL IGNIS BAUKNECHT","true","4"
"322IG01OR","original","http://localhost:3000/product/322ig01or","Селектор за температура на фурна WHIRLPOOL","true","3"
"324CU04OR","original","http://localhost:3000/product/d182d0b0d0b9d0bcd0b5d180-24h-2","ТАЙМЕР 24H","false","0"
"326CU08OR","original","http://localhost:3000/product/326cu08or","Ремък за хлебопекарна 546 мм","true","18"
"326CU09OR","original","http://localhost:3000/product/d180d0b5d0bcd18ad0ba-d0b7d0b0-d185d0bbd0b5d0b1d0bed0bfd0b5d0bad0b0d180d0bdd0b0-537mm","РЕМЪК ЗА ХЛЕБОПЕКАРНА - 537mm","true","33"
"326CU10OR","original","http://localhost:3000/product/326cu10or","Ремък за хлебопекарна 528 мм","true","51"
"326CU112OR","original","http://localhost:3000/product/bosch-siemens-balay-139","BOSCH SIEMENS BALAY","true","3"
"326CU11OR","original","http://localhost:3000/product/d180d0b5d0bcd18ad0ba-d0b7d0b0-d185d0bbd0b5d0b1d0bed0bfd0b5d0bad0b0d180d0bdd0b0-420mm","Ремък за хлебопекарна 420 мм","true","44"
"500FC149OR","original","http://localhost:3000/product/d0b0d0bbd183d0bcd0b8d0bdd0b8d0b5d0b2-d184d0b8d0bbd182d18ad180-39","Алуминиев филтър  456,5 x 185 мм","true","61"
"600EG10OR","original","http://localhost:3000/product/600eg10or","Рейка заключваща микровеле LG","true","6"
"601MD10OR","original","http://localhost:3000/product/d187d0b8d0bdd0b8d18f-274d0bcd0bc","ЧИНИЯ 274мм","true","7"
"602BH01OR","original","http://localhost:3000/product/--mwo--500w--115v---l255cm","Кварцов нагревател MWO  500W  115V   L=25.5cm","true","12"
"602MD36OR","original","http://localhost:3000/product/d180d0bed0bbd0b5d180-160mm","РОЛЕР 160mm","true","12"
"800BH01OR","original","http://localhost:3000/product/bosch-6","BOSCH","true","6"
"800PE118OR","original","http://localhost:3000/product/zelmer-20","Четка под за прахосмукачки Zelmer","true","0"
"801ZL01OR","original","http://localhost:3000/product/801zl01or","Маркуч за прахосмукачка Zelmer Cobra","true","3"
"803BH15OR","original","http://localhost:3000/product/bosch-siemens-balay-103","BOSCH SIEMENS BALAY","true","5"
"803BH17OR","original","http://localhost:3000/product/bosch-siemens-balay-266","BOSCH SIEMENS BALAY","true","3"
"803BH22OR","original","http://localhost:3000/product/bosch-siemens-balay-314","BOSCH SIEMENS BALAY","true","2"
"803PE523OR","original","http://localhost:3000/product/electrolux-zanussi-aeg-565","ELECTROLUX ZANUSSI AEG","true","5"
"803PE524OR","original","http://localhost:3000/product/803pe524or","Торби за прахосмукачка ELECTROLUX 5+1","true","5"
"803PH11OR","original","http://localhost:3000/product/d185d0b5d0bfd0b0-d184d0b8d0bbd182d18ad180-6","ХЕПА ФИЛТЪР","true","8"
"803RO15OR","original","http://localhost:3000/product/803ro15or","ROWENTA Хепа филтър к-т","true","0"
"803RO17OR","original","http://localhost:3000/product/rowenta-26","ROWENTA","true","4"
"803RO18OR","original","http://localhost:3000/product/rowenta-28","ROWENTA","true","3"
"803ZL02OR","original","http://localhost:3000/product/zelmer-85","ZELMER","true","9"
"803ZL15OR","original","http://localhost:3000/product/zelmer-24","ZELMER","true","0"
"803ZN08OR","original","http://localhost:3000/product/803zn08or","ZANUSSI AEG Хепа филтър - 50297034006 - 9001959494","true","23"
"811PE233OR","original","http://localhost:3000/product/811pe233or","Ръкохватка за кафемашина DELONGHI с  3 зъба","true","2"
"811PE241OR","original","http://localhost:3000/product/d0bad0bbd0b0d0bfd0b0d0bd-saeco-2","Клапан за кафемашина SAECO","true","11"
"811PE339OR","original","http://localhost:3000/product/delonghi-96","DELONGHI","true","2"
"811PE340OR","original","http://localhost:3000/product/delonghi-97","DELONGHI","true","2"
"811PE350OR","original","http://localhost:3000/product/delonghi-10","Клапан за кафемашина","true","35"
"811PE399OR","original","http://localhost:3000/product/delonghi-65","DELONGHI","true","0"
"811PE402OR","original","http://localhost:3000/product/saeco-33","SAECO","true","10"
"811PE411OR","original","http://localhost:3000/product/bosch-siemens-11","BOSCH SIEMENS","true","4"
"811PE415OR","original","http://localhost:3000/product/811pe415or","Филтър за вода на кафемашина PHILIPS SAECO","true","9"
"811PE520OR","original","http://localhost:3000/product/bosch-35","BOSCH","true","1"
"813PE52OR","original","http://localhost:3000/product/gaggia-saeco-3","GAGGIA SAECO","true","12"
"901CU15OR","original","http://localhost:3000/product/tefal-2","TEFAL","true","1"
